Wavelength (nm),SLS201L Power (a.u.)
344.85,0.019413461
345.06,0.022631804
345.28,0.025788784
345.49,0.029046115
345.71,0.029189861
345.92,0.029760775
346.14,0.030039791
346.35,0.030275412
346.56,0.030165229
346.78,0.030481538
346.99,0.030778182
347.21,0.031128732
347.42,0.031923401
347.64,0.041533341
347.85,0.042319535
348.07,0.042699579
348.28,0.044017361
348.49,0.044041431
348.71,0.044897125
348.92,0.045213433
349.14,0.045758582
349.35,0.046164392
349.57,0.04667496
349.78,0.047039749
350,0.047598458
350.21,0.047981893
350.42,0.048313457
350.64,0.048688756
350.85,0.048923698
351.07,0.049293911
351.28,0.049610219
351.5,0.050137061
351.71,0.050322167
351.93,0.050783916
352.14,0.051189049
352.35,0.051652493
352.57,0.052232222
352.78,0.052520052
353,0.053129276
353.21,0.053487962
353.43,0.054111764
353.64,0.054363997
353.85,0.054658269
354.07,0.055096964
354.28,0.055346485
354.5,0.055777383
354.71,0.056109625
354.93,0.056217095
355.14,0.056388302
355.35,0.05674631
355.57,0.056963623
355.78,0.056833439
356,0.057240605
356.21,0.057829488
356.42,0.057875256
356.64,0.057909836
356.85,0.058441424
357.07,0.058809941
357.28,0.059183884
357.5,0.059337461
357.71,0.059961941
357.92,0.060395212
358.14,0.060475221
358.35,0.061005792
358.57,0.061488899
358.78,0.06235951
358.99,0.062770406
359.21,0.063278601
359.42,0.063511509
359.64,0.064287532
359.85,0.065230355
360.06,0.065851444
360.28,0.066591531
360.49,0.066543729
360.71,0.066901398
360.92,0.06687292
361.13,0.067694033
361.35,0.0675947
361.56,0.067493671
361.78,0.068069331
361.99,0.065210691
362.2,0.065774147
362.42,0.066288784
362.63,0.066690187
362.85,0.06716787
363.06,0.067199738
363.27,0.067983898
363.49,0.068434459
363.7,0.068989439
363.92,0.069462376
364.13,0.06966206
364.34,0.070323494
364.56,0.07091814
364.77,0.071429725
364.98,0.071946396
365.2,0.07234407
365.41,0.072672922
365.63,0.073178744
365.84,0.07375949
366.05,0.074360238
366.27,0.074728417
366.48,0.075338658
366.69,0.075768878
366.91,0.076360811
367.12,0.076342165
367.34,0.077003599
367.55,0.077889126
367.76,0.078176278
367.98,0.078638366
368.19,0.079061128
368.4,0.079393031
368.62,0.079639162
368.83,0.079986999
369.04,0.080539267
369.26,0.080946772
369.47,0.081296644
369.69,0.082142506
369.9,0.08274461
370.11,0.083489443
370.33,0.08395899
370.54,0.084360054
370.75,0.084642799
370.97,0.085206933
371.18,0.085551719
371.39,0.086108394
371.61,0.086728467
371.82,0.087081051
372.04,0.087738077
372.25,0.088417139
372.46,0.089066707
372.68,0.089374201
372.89,0.089837645
373.1,0.09046043
373.32,0.090927942
373.53,0.091329684
373.74,0.091925686
373.96,0.092556268
374.17,0.093070905
374.38,0.093803872
374.6,0.094107298
374.81,0.09472737
375.02,0.095374226
375.24,0.095641037
375.45,0.096841177
375.66,0.097589061
375.88,0.098171842
376.09,0.099006516
376.3,0.099833053
376.52,0.100439565
376.73,0.101235929
376.94,0.102027209
377.16,0.102765261
377.37,0.103240232
377.58,0.103988455
377.8,0.104778717
378.01,0.105241822
378.22,0.10588461
378.44,0.106574182
378.65,0.107230191
378.86,0.107545143
379.08,0.108001129
379.29,0.108733757
379.5,0.109305688
379.72,0.109812867
379.93,0.109976275
380.14,0.110782133
380.36,0.111154719
380.57,0.11180632
380.78,0.112173143
380.99,0.1125559
381.21,0.113261406
381.42,0.113893684
381.63,0.114492398
381.85,0.11507111
382.06,0.115761699
382.27,0.116007152
382.49,0.116671297
382.7,0.117335443
382.91,0.117899238
383.13,0.118286402
383.34,0.118726453
383.55,0.119522818
383.76,0.120041184
383.98,0.120666342
384.19,0.121504406
384.4,0.122007516
384.62,0.122619791
384.83,0.123402255
385.04,0.124033516
385.26,0.124864122
385.47,0.125427238
385.68,0.125928992
385.89,0.126563643
386.11,0.127131506
386.32,0.127838368
386.53,0.128379449
386.75,0.129115806
386.96,0.129968109
387.17,0.130848552
387.38,0.131697804
387.6,0.132162604
387.81,0.132783355
388.02,0.13343021
388.24,0.134225218
388.45,0.134936827
388.66,0.135395525
388.87,0.136193246
389.09,0.13695164
389.3,0.137562559
389.51,0.138528434
389.73,0.139639412
389.94,0.140467306
390.15,0.141067376
390.36,0.141770848
390.58,0.142546871
390.79,0.142904201
391,0.14360564
391.21,0.144155873
391.43,0.144703734
391.64,0.145298041
391.85,0.146011345
392.07,0.146721598
392.28,0.147218944
392.49,0.147869529
392.7,0.148338058
392.92,0.149239859
393.13,0.149886036
393.34,0.150503058
393.55,0.151132962
393.77,0.152038831
393.98,0.152791801
394.19,0.153466117
394.4,0.154147892
394.62,0.154881537
394.83,0.155566702
395.04,0.156206438
395.25,0.156799389
395.47,0.157256052
395.68,0.157800523
395.89,0.158372454
396.1,0.15888743
396.32,0.159831269
396.53,0.160163173
396.74,0.160600851
396.95,0.161353821
397.17,0.161908462
397.38,0.162458018
397.59,0.163057749
397.8,0.163697485
398.02,0.164301285
398.23,0.164977635
398.44,0.165425484
398.65,0.166159808
398.87,0.166946001
399.08,0.167761351
399.29,0.168394307
399.5,0.168957084
399.71,0.169584616
399.93,0.170209435
400.14,0.171032582
400.35,0.17172724
400.56,0.172326293
400.78,0.172845337
400.99,0.173479648
401.2,0.173934278
401.41,0.174793361
401.63,0.175237142
401.84,0.175793818
402.05,0.176298623
402.26,0.176919373
402.47,0.17727433
402.69,0.177942544
402.9,0.178596519
403.11,0.179179638
403.32,0.179751909
403.53,0.180331638
403.75,0.180916791
403.96,0.181381252
404.17,0.182150834
404.38,0.182839389
404.6,0.18324147
404.81,0.1840775
405.02,0.184570778
405.23,0.18500744
405.44,0.1855414
405.66,0.185871948
405.87,0.186536093
406.08,0.187108703
406.29,0.187770136
406.5,0.188332236
406.72,0.18885806
406.93,0.189418465
407.14,0.190032774
407.35,0.190715566
407.56,0.191313941
407.78,0.191740093
407.99,0.192023516
408.2,0.192382202
408.41,0.192729361
408.62,0.193261288
408.84,0.193953912
409.05,0.194578053
409.26,0.195094384
409.47,0.195468665
409.68,0.195894817
409.89,0.19633792
410.11,0.197069531
410.32,0.19765604
410.53,0.198018795
410.74,0.198456812
410.95,0.198763967
411.17,0.199399295
411.38,0.199858671
411.59,0.200364493
411.8,0.200960834
412.01,0.201466656
412.22,0.202023332
412.44,0.202509829
412.65,0.203069217
412.86,0.203411291
413.07,0.203923554
413.28,0.204627027
413.49,0.205065383
413.71,0.205542727
413.92,0.206179412
414.13,0.206628278
414.34,0.206961876
414.55,0.207490074
414.76,0.207628734
414.98,0.208191173
415.19,0.208556639
415.4,0.20909772
415.61,0.209523532
415.82,0.2096805
416.03,0.210259212
416.25,0.210598913
416.46,0.211029133
416.67,0.211496984
416.88,0.212135703
417.09,0.212587281
417.3,0.212961223
417.52,0.213436194
417.73,0.213960663
417.94,0.214315958
418.15,0.214768554
418.36,0.215134359
418.57,0.215546272
418.78,0.215917163
419,0.21624093
419.21,0.216511131
419.42,0.217143069
419.63,0.217554643
419.84,0.217898412
420.05,0.218160816
420.26,0.218538487
420.48,0.219003287
420.69,0.219458595
420.9,0.219835588
421.11,0.220169526
421.32,0.220459051
421.53,0.220735355
421.74,0.221227616
421.95,0.221675126
422.17,0.222055848
422.38,0.222389447
422.59,0.222844754
422.8,0.223149536
423.01,0.223478388
423.22,0.223691294
423.43,0.224197116
423.64,0.224534105
423.86,0.224847362
424.07,0.225063997
424.28,0.225478283
424.49,0.226007837
424.7,0.226399408
424.91,0.226681814
425.12,0.227050671
425.33,0.227349011
425.55,0.227616839
425.76,0.22785585
425.97,0.228279628
426.18,0.228747819
426.39,0.229079722
426.6,0.229380774
426.81,0.229408574
427.02,0.22980896
427.23,0.230032037
427.45,0.230433101
427.66,0.230855862
427.87,0.231272521
428.08,0.231503735
428.29,0.231537976
428.5,0.231955313
428.71,0.232143132
428.92,0.23243503
429.13,0.232678788
429.34,0.233017811
429.56,0.233342933
429.77,0.233536176
429.98,0.233868758
430.19,0.234155571
430.4,0.234405431
430.61,0.234672581
430.82,0.234951258
431.03,0.234944816
431.24,0.235143822
431.45,0.235264176
431.66,0.235349948
431.87,0.235733722
432.09,0.235881536
432.3,0.236197166
432.51,0.236352439
432.72,0.236561277
432.93,0.236846056
433.14,0.237007092
433.35,0.237255595
433.56,0.237491894
433.77,0.237874312
433.98,0.237885839
434.19,0.238183162
434.4,0.238412002
434.61,0.238756788
434.83,0.238697798
435.04,0.238883244
435.25,0.239149377
435.46,0.239260576
435.67,0.239519928
435.88,0.23972063
436.09,0.239767076
436.3,0.239787417
436.51,0.239846746
436.72,0.240048126
436.93,0.240061348
437.14,0.24021662
437.35,0.240310869
437.56,0.240315276
437.77,0.240375961
437.98,0.240729562
438.2,0.240855339
438.41,0.240828895
438.62,0.240880427
438.83,0.241139101
439.04,0.241196057
439.25,0.241345566
439.46,0.241481175
439.67,0.241521858
439.88,0.241657467
440.09,0.241825961
440.3,0.241853761
440.51,0.241827656
440.72,0.241824605
440.93,0.241916141
441.14,0.242041241
441.35,0.242078194
441.56,0.242107011
441.77,0.242222279
441.98,0.242287371
442.19,0.242388739
442.4,0.242527399
442.61,0.242705386
442.82,0.24275285
443.03,0.242769123
443.25,0.242803364
443.46,0.242793193
443.67,0.242886425
443.88,0.242883712
444.09,0.242892866
444.3,0.242812518
444.51,0.242800313
444.72,0.242866083
444.93,0.242991522
445.14,0.243064751
445.35,0.243014236
445.56,0.243076277
445.77,0.243263757
445.98,0.243310542
446.19,0.243305457
446.4,0.243388517
446.61,0.243419707
446.82,0.243323764
447.03,0.243286132
447.24,0.243233584
447.45,0.243473273
447.66,0.243529212
447.87,0.243597694
448.08,0.243659057
448.29,0.243621087
448.5,0.243452254
448.71,0.243485139
448.92,0.243714996
449.13,0.24373093
449.34,0.243608882
449.55,0.243650243
449.76,0.24365126
449.97,0.243577692
450.18,0.243569894
450.39,0.24357498
450.6,0.243423098
450.81,0.243352242
451.02,0.24339089
451.23,0.243486834
451.44,0.243493953
451.65,0.243572607
451.86,0.243614984
452.07,0.243700079
452.28,0.243773308
452.49,0.243799413
452.7,0.243663465
452.91,0.243639394
453.12,0.243605492
453.33,0.243554977
453.54,0.243648887
453.75,0.243583794
453.96,0.243617697
454.17,0.243533958
454.38,0.243493275
454.59,0.24346039
454.79,0.243519719
455,0.243353937
455.21,0.243376651
455.42,0.243295625
455.63,0.24325935
455.84,0.243241381
456.05,0.243144421
456.26,0.243141031
456.47,0.243143404
456.68,0.243011185
456.89,0.243072209
457.1,0.243023729
457.31,0.243084075
457.52,0.243117638
457.73,0.243115265
457.94,0.243058309
458.15,0.243108823
458.36,0.243194935
458.57,0.243100009
458.78,0.242966095
458.99,0.242958636
459.2,0.242936939
459.41,0.242958297
459.62,0.242859303
459.83,0.242848454
460.03,0.242860659
460.24,0.242796923
460.45,0.242832859
460.66,0.242830486
460.87,0.242673179
461.08,0.242625716
461.29,0.242599611
461.5,0.242533163
461.71,0.242460273
461.92,0.242329071
462.13,0.242375517
462.34,0.242319239
462.55,0.242262962
462.76,0.242201599
462.97,0.242185664
463.18,0.242135828
463.38,0.241989031
463.59,0.241967334
463.8,0.241945975
464.01,0.24186461
464.22,0.241805281
464.43,0.241801213
464.64,0.241785618
464.85,0.241732391
465.06,0.241801891
465.27,0.241827317
465.48,0.241794093
465.69,0.241697472
465.89,0.241696794
466.1,0.241724254
466.31,0.241765954
466.52,0.241720186
466.73,0.241704252
466.94,0.241791381
467.15,0.24175714
467.36,0.241748664
467.57,0.241815452
467.78,0.241882239
467.99,0.241851388
468.19,0.241740528
468.4,0.24180562
468.61,0.241737815
468.82,0.241661196
469.03,0.241526604
469.24,0.241597121
469.45,0.241523214
469.66,0.241396758
469.87,0.2414866
470.08,0.241570677
470.28,0.241592036
470.49,0.241570677
470.7,0.24158356
470.91,0.241608987
471.12,0.241653399
471.33,0.241758157
471.54,0.241748325
471.75,0.241742223
471.96,0.241693742
472.16,0.241688996
472.37,0.241690691
472.58,0.24173273
472.79,0.241824944
473,0.2418541
473.21,0.241855456
473.42,0.241950383
473.63,0.241996829
473.84,0.242044631
474.04,0.242137862
474.25,0.242162611
474.46,0.242210413
474.67,0.242186003
474.88,0.242302288
475.09,0.242428066
475.3,0.242512482
475.5,0.242595882
475.71,0.242730813
475.92,0.242819298
476.13,0.242958975
476.34,0.243062716
476.55,0.243158321
476.76,0.243300032
476.96,0.243428522
477.17,0.243551926
477.38,0.243674313
477.59,0.243778393
477.8,0.243959093
478.01,0.244088599
478.22,0.244233362
478.42,0.24439711
478.63,0.244530007
478.84,0.244719521
479.05,0.244875471
479.26,0.244996841
479.47,0.245134146
479.68,0.245300945
479.88,0.245445707
480.09,0.245620982
480.3,0.245821684
480.51,0.245968481
480.72,0.246170538
480.93,0.246334286
481.13,0.246503798
481.34,0.246683141
481.55,0.246926898
481.76,0.247152009
481.97,0.247378476
482.18,0.247622234
482.38,0.247844294
482.59,0.248096188
482.8,0.248309772
483.01,0.248572854
483.22,0.248811187
483.43,0.249071556
483.63,0.249340401
483.84,0.249629927
484.05,0.249893008
484.26,0.250199824
484.47,0.250459854
484.68,0.250801589
484.88,0.251136883
485.09,0.251442003
485.3,0.251771194
485.51,0.252124456
485.72,0.252370587
485.92,0.252711305
486.13,0.253023205
486.34,0.253404945
486.55,0.253720236
486.76,0.25403824
486.96,0.254287082
487.17,0.254566776
487.38,0.254875626
487.59,0.255158032
487.8,0.255508242
488,0.255865911
488.21,0.256229344
488.42,0.256584301
488.63,0.25690027
488.84,0.257231834
489.04,0.257549499
489.25,0.257888182
489.46,0.258246529
489.67,0.258689632
489.88,0.259038487
490.08,0.25942938
490.29,0.259837224
490.5,0.260196927
490.71,0.260553918
490.92,0.26089667
491.12,0.261293666
491.33,0.26172931
491.54,0.262125289
491.75,0.26260026
491.95,0.263040311
492.16,0.263504773
492.37,0.263930246
492.58,0.264413693
492.79,0.264862898
492.99,0.265335835
493.2,0.265780632
493.41,0.26622204
493.62,0.266657684
493.82,0.267116043
494.03,0.267565248
494.24,0.267997163
494.45,0.268458573
494.65,0.268922695
494.86,0.269353593
495.07,0.269782796
495.28,0.270215389
495.49,0.270635439
495.69,0.271071422
495.9,0.271512151
496.11,0.271974579
496.32,0.27242514
496.52,0.272878752
496.73,0.273280155
496.94,0.273766653
497.15,0.274196195
497.35,0.274640993
497.56,0.275061381
497.77,0.27551974
497.98,0.276055057
498.18,0.276580203
498.39,0.277067379
498.6,0.277552181
498.81,0.278026135
499.01,0.278488562
499.22,0.279001843
499.43,0.279499528
499.64,0.279965684
499.84,0.280492526
500.05,0.280975633
500.26,0.281474336
500.46,0.281955748
500.67,0.282403597
500.88,0.282848734
501.09,0.283324383
501.29,0.283830205
501.5,0.284301447
501.71,0.284797098
501.92,0.28530631
502.12,0.285788739
502.33,0.286244725
502.54,0.286708847
502.74,0.287154662
502.95,0.287636075
503.16,0.288098163
503.37,0.288595848
503.57,0.289022339
503.78,0.289525787
503.99,0.289982112
504.19,0.290422842
504.4,0.290865266
504.61,0.291331084
504.82,0.291775882
505.02,0.292260345
505.23,0.292694294
505.44,0.293148585
505.64,0.293601858
505.85,0.294061573
506.06,0.294535866
506.27,0.295011176
506.47,0.295470213
506.68,0.295902806
506.89,0.296345231
507.09,0.296760194
507.3,0.297207705
507.51,0.297648434
507.71,0.298096961
507.92,0.298570915
508.13,0.299056735
508.33,0.299538825
508.54,0.299994133
508.75,0.300472833
508.96,0.30092814
509.16,0.301411248
509.37,0.301919104
509.58,0.302391702
509.78,0.302892438
509.99,0.303420975
510.2,0.303819666
510.4,0.304349558
510.61,0.304869619
510.82,0.305340522
511.02,0.3058338
511.23,0.306394544
511.44,0.306937997
511.64,0.307480434
511.85,0.307976424
512.06,0.308512758
512.26,0.309011799
512.47,0.309517282
512.68,0.310033614
512.88,0.310537741
513.09,0.310995422
513.3,0.311550402
513.5,0.31203317
513.71,0.312487122
513.92,0.312967178
514.12,0.313502834
514.33,0.314042558
514.54,0.314584995
514.74,0.315146417
514.95,0.315704109
515.16,0.316244511
515.36,0.316777455
515.57,0.317359218
515.78,0.317946067
515.98,0.318547493
516.19,0.319053654
516.4,0.319576766
516.6,0.320103268
516.81,0.320691134
517.01,0.321275609
517.22,0.321889918
517.43,0.322508296
517.63,0.323162271
517.84,0.323823365
518.05,0.324412587
518.25,0.325035711
518.46,0.325584928
518.67,0.326190761
518.87,0.326827446
519.08,0.327387512
519.28,0.327975038
519.49,0.328493404
519.7,0.329044655
519.9,0.329528102
520.11,0.330054943
520.32,0.330619077
520.52,0.331168633
520.73,0.331719545
520.93,0.332301647
521.14,0.332884766
521.35,0.333472293
521.55,0.334093721
521.76,0.334674467
521.96,0.335223006
522.17,0.335784767
522.38,0.336326864
522.58,0.33686591
522.79,0.337479881
523,0.3380769
523.2,0.338676631
523.41,0.339330945
523.61,0.339909657
523.82,0.340479893
524.03,0.341087422
524.23,0.3416224
524.44,0.342218402
524.64,0.342817455
524.85,0.343436172
525.06,0.344042006
525.26,0.344680385
525.47,0.345264861
525.67,0.345852726
525.88,0.346467035
526.09,0.347050833
526.29,0.347624798
526.5,0.34822419
526.7,0.348802224
526.91,0.349336863
527.11,0.349890487
527.32,0.350435636
527.53,0.351016721
527.73,0.351550343
527.94,0.352121257
528.14,0.352742008
528.35,0.353296988
528.56,0.353857732
528.76,0.354435766
528.97,0.355030412
529.17,0.355601326
529.38,0.356192243
529.58,0.35686622
529.79,0.357441881
530,0.358061953
530.2,0.358650836
530.41,0.359251923
530.61,0.359953361
530.82,0.360528683
531.02,0.361127058
531.23,0.361747131
531.43,0.362344489
531.64,0.362893706
531.85,0.363462247
532.05,0.363975867
532.26,0.364558647
532.46,0.36514041
532.67,0.3656642
532.87,0.366223588
533.08,0.366754836
533.28,0.367325751
533.49,0.36790548
533.7,0.368437406
533.9,0.368932719
534.11,0.369537535
534.31,0.370095906
534.52,0.370640715
534.72,0.371206205
534.93,0.371778476
535.13,0.372322268
535.34,0.372889792
535.54,0.373474946
535.75,0.374069931
535.95,0.374621521
536.16,0.375163957
536.37,0.37570063
536.57,0.376256288
536.78,0.376851951
536.98,0.3774527
537.19,0.377987678
537.39,0.378537234
537.6,0.379115268
537.8,0.379593629
538.01,0.38008589
538.21,0.380532383
538.42,0.381047697
538.62,0.381528771
538.83,0.382045102
539.03,0.382517022
539.24,0.382962837
539.44,0.383461539
539.65,0.383996517
539.85,0.384486405
540.06,0.384988498
540.26,0.385545173
540.47,0.386096085
540.67,0.386593432
540.88,0.387109086
541.08,0.387566088
541.29,0.388020379
541.49,0.388548237
541.7,0.389028632
541.9,0.38949106
542.11,0.389974845
542.31,0.390493211
542.52,0.39097225
542.72,0.391493667
542.93,0.392056784
543.13,0.392565996
543.34,0.393100974
543.54,0.393557977
543.75,0.394003114
543.95,0.394527243
544.16,0.395018148
544.36,0.395437519
544.57,0.395960631
544.77,0.39646069
544.98,0.396936
545.18,0.397392663
545.39,0.397908317
545.59,0.398337859
545.8,0.398851817
546,0.399378659
546.21,0.399890583
546.41,0.4004537
546.62,0.400925281
546.82,0.401406015
547.03,0.401968793
547.23,0.402492922
547.43,0.403055022
547.64,0.403588304
547.84,0.404231431
548.05,0.404764035
548.25,0.405304777
548.46,0.405871623
548.66,0.406403211
548.87,0.406959547
549.07,0.40752063
549.28,0.408070864
549.48,0.40866178
549.68,0.409178112
549.89,0.409639861
550.09,0.410174839
550.3,0.410678966
550.5,0.411202756
550.71,0.411722139
550.91,0.412205246
551.12,0.412710051
551.32,0.413190107
551.53,0.413656603
551.73,0.414154288
551.93,0.414719439
552.14,0.415274758
552.34,0.415923309
552.55,0.416433877
552.75,0.417039372
552.96,0.417657411
553.16,0.418255108
553.36,0.418866027
553.57,0.419394224
553.77,0.419933609
553.98,0.420500116
554.18,0.421181213
554.39,0.421763654
554.59,0.422342366
554.79,0.422926163
555,0.423433342
555.2,0.423923229
555.41,0.424449054
555.61,0.424884698
555.82,0.425390859
556.02,0.425865491
556.22,0.426381484
556.43,0.426898832
556.63,0.427485681
556.84,0.428069139
557.04,0.428656665
557.24,0.429213002
557.45,0.429781882
557.65,0.430377545
557.86,0.430885401
558.06,0.431465808
558.26,0.432104866
558.47,0.432786641
558.67,0.433386372
558.88,0.434016276
559.08,0.434613635
559.28,0.435222858
559.49,0.435795807
559.69,0.436388758
559.9,0.436959672
560.1,0.43762314
560.3,0.438207954
560.51,0.438769376
560.71,0.439367751
560.92,0.439913239
561.12,0.440510936
561.32,0.441183896
561.53,0.441780237
561.73,0.442368102
561.93,0.442988514
562.14,0.44364554
562.34,0.444239847
562.55,0.444926368
562.75,0.445545763
562.95,0.44618855
563.16,0.446797774
563.36,0.447485312
563.56,0.448101995
563.77,0.448879713
563.97,0.44954318
564.17,0.450298862
564.38,0.451051493
564.58,0.451845145
564.79,0.452518783
564.99,0.453204965
565.19,0.453890469
565.4,0.454594281
565.6,0.455238424
565.8,0.455950372
566.01,0.456594515
566.21,0.457293919
566.41,0.45790077
566.62,0.458504569
566.82,0.459133457
567.02,0.459714203
567.23,0.460308171
567.43,0.460886882
567.64,0.46150187
567.84,0.462089057
568.04,0.462578606
568.25,0.463244108
568.45,0.463838076
568.65,0.464362883
568.86,0.46503686
569.06,0.465612521
569.26,0.466195979
569.47,0.466764859
569.67,0.467280513
569.87,0.467901264
570.08,0.468474551
570.28,0.469042414
570.48,0.469608243
570.69,0.47016797
570.89,0.470782618
571.09,0.471411166
571.29,0.471996659
571.5,0.472708268
571.7,0.473365972
571.9,0.473955871
572.11,0.474548822
572.31,0.475106515
572.51,0.475648612
572.72,0.476206644
572.92,0.476695514
573.12,0.477178961
573.33,0.477740722
573.53,0.478298075
573.73,0.478882889
573.94,0.479499911
574.14,0.480076249
574.34,0.480548847
574.54,0.481066196
574.75,0.481638127
574.95,0.482133101
575.15,0.482704693
575.36,0.48328849
575.56,0.483889578
575.76,0.484491004
575.97,0.485032762
576.17,0.485576555
576.37,0.48609865
576.57,0.486688211
576.78,0.487135043
576.98,0.487614082
577.18,0.488116175
577.39,0.488557243
577.59,0.489066455
577.79,0.489509558
577.99,0.490011312
578.2,0.490574768
578.4,0.491008039
578.6,0.491417239
578.8,0.491936283
579.01,0.492390913
579.21,0.492929281
579.41,0.493427983
579.62,0.493973132
579.82,0.494514212
580.02,0.495027154
580.22,0.495504837
580.43,0.496100839
580.63,0.496659887
580.83,0.497206392
581.03,0.497790867
581.24,0.498346526
581.44,0.498808275
581.64,0.499350372
581.84,0.499814155
582.05,0.50030506
582.25,0.500696971
582.45,0.501181434
582.65,0.501543171
582.86,0.501973052
583.06,0.502372421
583.26,0.502820948
583.46,0.503218283
583.67,0.503756651
583.87,0.504093979
584.07,0.504646586
584.27,0.505079518
584.48,0.505596528
584.68,0.506124725
584.88,0.506725813
585.08,0.507265198
585.29,0.507784242
585.49,0.508247347
585.69,0.508796225
585.89,0.509313234
586.1,0.509843466
586.3,0.510263176
586.5,0.510715772
586.7,0.51123685
586.9,0.5118298
587.11,0.512353252
587.31,0.512878398
587.51,0.513438124
587.71,0.514003614
587.92,0.514520285
588.12,0.515141036
588.32,0.515659741
588.52,0.516288628
588.72,0.516919888
588.93,0.517461647
589.13,0.517981708
589.33,0.518498039
589.53,0.519010981
589.73,0.519534771
589.94,0.520051442
590.14,0.520535905
590.34,0.520986467
590.54,0.521462794
590.74,0.521888606
590.95,0.522326624
591.15,0.522707685
591.35,0.523184012
591.55,0.523493879
591.75,0.523924777
591.96,0.524410258
592.16,0.52489167
592.36,0.525407663
592.56,0.525851782
592.76,0.526405068
592.96,0.526875631
593.17,0.527349924
593.37,0.52783337
593.57,0.528264946
593.77,0.528793822
593.97,0.529291846
594.18,0.52983869
594.38,0.530416385
594.58,0.530893729
594.78,0.53140701
594.98,0.531956226
595.18,0.532417975
595.39,0.532905151
595.59,0.533335371
595.79,0.533836786
595.99,0.534292771
596.19,0.534762318
596.39,0.53525424
596.6,0.535632928
596.8,0.536109594
597,0.536667626
597.2,0.537069368
597.4,0.537608414
597.6,0.538114236
597.81,0.538597683
598.01,0.539050278
598.21,0.539449986
598.41,0.539957842
598.61,0.54046502
598.81,0.540902698
599.01,0.541391908
599.22,0.541823484
599.42,0.542299133
599.62,0.542811736
599.82,0.543313828
600.02,0.543806428
600.22,0.544350221
600.42,0.544784848
600.63,0.545303892
600.83,0.545778185
601.03,0.546241968
601.23,0.546688461
601.43,0.547312263
601.63,0.547830968
601.83,0.548437819
602.03,0.549041957
602.24,0.549682032
602.44,0.550195991
602.64,0.550853356
602.84,0.551459189
603.04,0.552110113
603.24,0.552663398
603.44,0.55321804
603.64,0.553772003
603.85,0.554380549
604.05,0.554833822
604.25,0.555449149
604.45,0.555982092
604.65,0.556528936
604.85,0.557103241
605.05,0.55766534
605.25,0.558213201
605.45,0.558878364
605.65,0.559500132
605.86,0.560135799
606.06,0.560696543
606.26,0.561377979
606.46,0.56204721
606.66,0.562665248
606.86,0.563211414
607.06,0.563850472
607.26,0.564442067
607.46,0.564976027
607.66,0.565413367
607.86,0.566045644
608.07,0.56657113
608.27,0.567155944
608.47,0.567674988
608.67,0.568194032
608.87,0.568670359
609.07,0.569261953
609.27,0.569816934
609.47,0.570457348
609.67,0.570989613
609.87,0.571553408
610.07,0.57216331
610.27,0.572802707
610.48,0.573445155
610.68,0.574121167
610.88,0.574701235
611.08,0.575421997
611.28,0.576017999
611.48,0.576681806
611.68,0.577268315
611.88,0.577975517
612.08,0.578559992
612.28,0.579264142
612.48,0.579937102
612.68,0.580540224
612.88,0.581154194
613.08,0.581939371
613.28,0.582561817
613.48,0.583243592
613.68,0.583900957
613.88,0.584553576
614.09,0.585176699
614.29,0.585773379
614.49,0.586419557
614.69,0.586994879
614.89,0.587536298
615.09,0.588170271
615.29,0.588784241
615.49,0.58945415
615.69,0.590062018
615.89,0.590751251
616.09,0.591385902
616.29,0.592028689
616.49,0.592630793
616.69,0.593205437
616.89,0.593754654
617.09,0.59456763
617.29,0.595273815
617.49,0.595987797
617.69,0.596694998
617.89,0.597501194
618.09,0.598261283
618.29,0.599018321
618.49,0.599821805
618.69,0.600618509
618.89,0.601366054
619.09,0.602116311
619.29,0.602761472
619.49,0.603484607
619.69,0.604122987
619.89,0.604775606
620.09,0.605480773
620.29,0.606260187
620.49,0.606907381
620.69,0.607627466
620.89,0.608300426
621.09,0.609017459
621.29,0.609555149
621.49,0.61022099
621.69,0.610790887
621.89,0.611453677
622.09,0.61203544
622.29,0.612706366
622.49,0.613291858
622.69,0.613998042
622.89,0.614611674
623.09,0.615333453
623.29,0.616041672
623.49,0.616735312
623.69,0.617382168
623.89,0.618042584
624.09,0.618520945
624.29,0.619103725
624.49,0.619600055
624.69,0.62006316
624.89,0.620601189
625.09,0.621207023
625.29,0.621744035
625.49,0.622200698
625.69,0.622742796
625.89,0.623382193
626.09,0.62383411
626.29,0.624362308
626.49,0.624901693
626.69,0.625454639
626.89,0.626024536
627.09,0.62660969
627.29,0.627307398
627.49,0.628008837
627.68,0.628565512
627.88,0.629183551
628.08,0.629733106
628.28,0.630294528
628.48,0.630875274
628.68,0.631597732
628.88,0.63225069
629.08,0.632892799
629.28,0.633456933
629.48,0.634173288
629.68,0.634798785
629.88,0.635457167
630.08,0.636085715
630.28,0.636731554
630.48,0.637369933
630.68,0.63793644
630.88,0.638434465
631.07,0.639014872
631.27,0.639506455
631.47,0.640056011
631.67,0.640454024
631.87,0.640871022
632.07,0.64113885
632.27,0.641547033
632.47,0.64194708
632.67,0.64235289
632.87,0.642610547
633.07,0.643070601
633.27,0.643454375
633.47,0.643739154
633.66,0.643991048
633.86,0.644280913
634.06,0.644578914
634.26,0.644917258
634.46,0.645230854
634.66,0.645703452
634.86,0.646069597
635.06,0.646499817
635.26,0.64688359
635.46,0.647362291
635.65,0.647870147
635.85,0.648456656
636.05,0.648907556
636.25,0.649531697
636.45,0.650223643
636.65,0.650805745
636.85,0.651227489
637.05,0.65163669
637.25,0.652116407
637.44,0.652533405
637.64,0.652863613
637.84,0.653297901
638.04,0.653663029
638.24,0.654093588
638.44,0.654468208
638.64,0.654899106
638.84,0.655414421
639.04,0.655978893
639.23,0.656424708
639.43,0.656999013
639.63,0.657463135
639.83,0.657862504
640.03,0.658277468
640.23,0.658746336
640.43,0.659139942
640.62,0.6596539
640.82,0.660127515
641.02,0.660722161
641.22,0.661200183
641.42,0.661763978
641.62,0.662239966
641.82,0.662796302
642.01,0.663386202
642.21,0.66395576
642.41,0.664433443
642.61,0.664876546
642.81,0.665329142
643.01,0.665739359
643.21,0.666059397
643.4,0.666510975
643.6,0.666876102
643.8,0.667318866
644,0.667610087
644.2,0.66800776
644.4,0.6683478
644.59,0.668812262
644.79,0.669129926
644.99,0.669472339
645.19,0.669888659
645.39,0.670177506
645.59,0.670403973
645.78,0.67081114
645.98,0.671115921
646.18,0.671453588
646.38,0.671857364
646.58,0.672140787
646.78,0.672465571
646.97,0.672738823
647.17,0.67304191
647.37,0.673432803
647.57,0.673756231
647.77,0.674049824
647.96,0.67434952
648.16,0.674655319
648.36,0.674902467
648.56,0.675154361
648.76,0.675482196
648.95,0.675859528
649.15,0.676172446
649.35,0.676496552
649.55,0.676800994
649.75,0.677233926
649.94,0.677632278
650.14,0.677980454
650.34,0.678441864
650.54,0.678854116
650.74,0.679199241
650.93,0.679715573
651.13,0.680078327
651.33,0.680589913
651.53,0.681113025
651.73,0.681716485
651.92,0.682201288
652.12,0.682806783
652.32,0.683382104
652.52,0.684023196
652.72,0.684620215
652.91,0.685160279
653.11,0.685833578
653.31,0.68649908
653.51,0.687128645
653.7,0.687779908
653.9,0.688377944
654.1,0.689097689
654.3,0.689567914
654.49,0.690143235
654.69,0.690702284
654.89,0.691334222
655.09,0.69197328
655.29,0.692433334
655.48,0.692975093
655.68,0.693546685
655.88,0.694076239
656.08,0.694496627
656.27,0.694925152
656.47,0.695385206
656.67,0.69579644
656.87,0.69625446
657.06,0.696668407
657.26,0.69715626
657.46,0.697571224
657.66,0.697951947
657.85,0.698205536
658.05,0.69860321
658.25,0.698999866
658.44,0.699242607
658.64,0.699480601
658.84,0.699795553
659.04,0.699998288
659.23,0.700355957
659.43,0.700678707
659.63,0.700969589
659.83,0.701282168
660.02,0.70169781
660.22,0.702084635
660.42,0.702533162
660.61,0.702920665
660.81,0.703443099
661.01,0.703910611
661.21,0.704332356
661.4,0.704757151
661.6,0.705249751
661.8,0.705773541
661.99,0.706403446
662.19,0.707002499
662.39,0.70760223
662.59,0.708238576
662.78,0.708981375
662.98,0.709611279
663.18,0.710398151
663.37,0.711104335
663.57,0.711862729
663.77,0.712612309
663.97,0.713398164
664.16,0.71404807
664.36,0.714822398
664.56,0.715526209
664.75,0.716197136
664.95,0.716817886
665.15,0.717452876
665.34,0.718016332
665.54,0.71861369
665.74,0.719022212
665.93,0.719445313
666.13,0.719801287
666.33,0.720119629
666.52,0.720420003
666.72,0.720846833
666.92,0.720986171
667.11,0.721261458
667.31,0.721572003
667.51,0.721944928
667.7,0.722075112
667.9,0.722316836
668.1,0.722544998
668.29,0.722689083
668.49,0.722883004
668.69,0.723138627
668.88,0.723500703
669.08,0.723835658
669.28,0.724023137
669.47,0.724238417
669.67,0.724569303
669.87,0.724802212
670.06,0.724974774
670.26,0.725245992
670.46,0.725344309
670.65,0.725689434
670.85,0.725884711
671.05,0.726201698
671.24,0.726510208
671.44,0.726873641
671.64,0.727044847
671.83,0.727285892
672.03,0.727500833
672.23,0.727556094
672.42,0.727801207
672.62,0.728028352
672.81,0.728152096
673.01,0.728318895
673.21,0.728533157
673.4,0.728728434
673.6,0.728802002
673.8,0.728995245
673.99,0.729086781
674.19,0.729238325
674.38,0.729202727
674.58,0.729186454
674.78,0.729237986
674.97,0.729173571
675.17,0.72912882
675.36,0.729151535
675.56,0.72915323
675.76,0.729213576
675.95,0.729251546
676.15,0.729421736
676.35,0.72941326
676.54,0.729652949
676.74,0.729846531
676.93,0.730018416
677.13,0.730340488
677.33,0.730564243
677.52,0.730745281
677.72,0.730940897
677.91,0.731238898
678.11,0.731565038
678.31,0.731764383
678.5,0.732144089
678.7,0.732478026
678.89,0.732829254
679.09,0.733120474
679.28,0.73350357
679.48,0.73381581
679.68,0.734127372
679.87,0.734406388
680.07,0.734756259
680.26,0.734889834
680.46,0.73516885
680.65,0.735323105
680.85,0.735488887
681.05,0.735501092
681.24,0.735497702
681.44,0.735438712
681.63,0.735414641
681.83,0.735265471
682.02,0.735205125
682.22,0.735035614
682.42,0.734930517
682.61,0.734771515
682.81,0.73467625
683,0.734582001
683.2,0.734474192
683.39,0.734444358
683.59,0.734392827
683.78,0.734313495
683.98,0.734321632
684.18,0.734353161
684.37,0.734460631
684.57,0.734577255
684.76,0.734795925
684.96,0.734989846
685.15,0.735316664
685.35,0.735586865
685.54,0.736121165
685.74,0.736641565
685.93,0.737120943
686.13,0.73747251
686.32,0.738236667
686.52,0.73874554
686.72,0.739400871
686.91,0.739966361
687.11,0.740831886
687.3,0.741507559
687.5,0.742272394
687.69,0.743011125
687.89,0.743749177
688.08,0.744346196
688.28,0.744857104
688.47,0.745335126
688.67,0.745926721
688.86,0.746448816
689.06,0.746908531
689.25,0.747422828
689.45,0.74802595
689.64,0.748548045
689.84,0.749158625
690.03,0.74957664
690.23,0.749974652
690.42,0.750269941
690.62,0.750541499
690.81,0.750812039
691.01,0.751111396
691.2,0.751404651
691.4,0.751606708
691.59,0.751894538
691.79,0.752294246
691.98,0.752565804
692.18,0.752983819
692.37,0.75328182
692.57,0.753669662
692.76,0.754106323
692.96,0.754573157
693.15,0.754950829
693.35,0.755411222
693.54,0.755728547
693.74,0.756262169
693.93,0.756631365
694.12,0.757165665
694.32,0.757709118
694.51,0.758358008
694.71,0.758889934
694.9,0.75952967
695.1,0.760192121
695.29,0.760890169
695.49,0.761519395
695.68,0.76230186
695.88,0.762855823
696.07,0.76342911
696.27,0.764035622
696.46,0.76469536
696.65,0.765401545
696.85,0.766049417
697.04,0.766672541
697.24,0.767301089
697.43,0.767809963
697.63,0.768510723
697.82,0.769052481
698.02,0.76956644
698.21,0.770040054
698.4,0.770691656
698.6,0.771286641
698.79,0.771919936
698.99,0.772514582
699.18,0.773167878
699.38,0.7736737
699.57,0.774342592
699.77,0.774759251
699.96,0.775447807
700.15,0.776128225
700.35,0.7768378
700.54,0.777513133
700.74,0.778181347
700.93,0.778884819
701.12,0.77967203
701.32,0.780350415
701.51,0.781275608
701.71,0.782137065
701.9,0.783038526
702.1,0.78389422
702.29,0.784706858
702.48,0.785546956
702.68,0.786231782
702.87,0.787022383
703.07,0.787694665
703.26,0.788268631
703.45,0.788834121
703.65,0.789280953
703.84,0.789815931
704.04,0.790135629
704.23,0.790548898
704.42,0.791024886
704.62,0.791525962
704.81,0.791776499
705,0.792072466
705.2,0.79244946
705.39,0.792839336
705.59,0.792908836
705.78,0.793122081
705.97,0.793189885
706.17,0.793302102
706.36,0.793302102
706.56,0.793238366
706.75,0.793186834
706.94,0.79322311
707.14,0.793127844
707.33,0.793175307
707.52,0.793144117
707.72,0.793281083
707.91,0.793264809
708.1,0.793393977
708.3,0.793454662
708.49,0.793638752
708.69,0.793730288
708.88,0.793972689
709.07,0.794284251
709.27,0.794688705
709.46,0.795133842
709.65,0.79576239
709.85,0.796454336
710.04,0.79715374
710.23,0.79792739
710.43,0.798804103
710.62,0.799631657
710.81,0.800661947
711.01,0.801569511
711.2,0.80258997
711.39,0.803710779
711.59,0.804777006
711.78,0.805738813
711.97,0.806738931
712.17,0.807695314
712.36,0.808864603
712.55,0.80987184
712.75,0.811103849
712.94,0.812013786
713.13,0.813002715
713.33,0.813828236
713.52,0.814623244
713.71,0.815361297
713.91,0.816141727
714.1,0.816800787
714.29,0.817510701
714.49,0.81803483
714.68,0.818738303
714.87,0.819300402
715.07,0.820002519
715.26,0.820542921
715.45,0.821097223
715.64,0.821550157
715.84,0.82209395
716.03,0.822529255
716.22,0.823072031
716.42,0.823538526
716.61,0.824160972
716.8,0.824511182
716.99,0.825006834
717.19,0.825444851
717.38,0.825975422
717.57,0.826276135
717.77,0.826669062
717.96,0.827018256
718.15,0.827472546
718.34,0.82785971
718.54,0.82823806
718.73,0.828648955
718.92,0.829233092
719.12,0.829522617
719.31,0.829987078
719.5,0.830314235
719.69,0.830799716
719.89,0.831281467
720.08,0.831898828
720.27,0.832437874
720.46,0.832926745
720.66,0.833276955
720.85,0.833673273
721.04,0.834050266
721.24,0.834644234
721.43,0.834941557
721.62,0.835480264
721.81,0.835936589
722.01,0.836428172
722.2,0.837007223
722.39,0.837639839
722.58,0.838231095
722.78,0.838937279
722.97,0.839541757
723.16,0.840308627
723.35,0.840888016
723.55,0.841384685
723.74,0.841864063
723.93,0.842450911
724.12,0.842896048
724.31,0.843299146
724.51,0.843600199
724.7,0.844061948
724.89,0.844403344
725.08,0.844777625
725.28,0.844995616
725.47,0.845267852
725.66,0.845586194
725.85,0.845842495
726.04,0.845996412
726.24,0.8463473
726.43,0.846540543
726.62,0.846861937
726.81,0.84709315
727.01,0.847421324
727.2,0.847581343
727.39,0.847929858
727.58,0.848111914
727.77,0.848385505
727.97,0.848600785
728.16,0.848780806
728.35,0.849031004
728.54,0.849349686
728.73,0.849481227
728.93,0.849577848
729.12,0.849515468
729.31,0.849549031
729.5,0.849381215
729.69,0.849453766
729.89,0.849256794
730.08,0.849038802
730.27,0.848708255
730.46,0.84836313
730.65,0.848193957
730.84,0.847965456
731.04,0.847661013
731.23,0.847502012
731.42,0.847251474
731.61,0.847327076
731.8,0.846959236
732,0.846953134
732.19,0.846855495
732.38,0.846829052
732.57,0.846742601
732.76,0.846830069
732.95,0.846708359
733.15,0.846755823
733.34,0.846755145
733.53,0.846806337
733.72,0.846756501
733.91,0.846766332
734.1,0.846690052
734.29,0.846692086
734.49,0.846582582
734.68,0.846408663
734.87,0.846124223
735.06,0.846078455
735.25,0.845826222
735.44,0.845543138
735.63,0.845265479
735.83,0.845123089
736.02,0.844782371
736.21,0.844555565
736.4,0.844193488
736.59,0.843982277
736.78,0.843701905
736.97,0.843438824
737.17,0.843094377
737.36,0.842928256
737.55,0.842720435
737.74,0.842606184
737.93,0.842410568
738.12,0.842430909
738.31,0.842160708
738.5,0.84213935
738.7,0.841946446
738.89,0.842062052
739.08,0.841813549
739.27,0.841785071
739.46,0.841604033
739.65,0.841546738
739.84,0.841377226
740.03,0.841289419
740.22,0.840953787
740.41,0.841074479
740.61,0.840772071
740.8,0.8407897
740.99,0.840604932
741.18,0.840537128
741.37,0.840451694
741.56,0.840542891
741.75,0.840494411
741.94,0.840465255
742.13,0.840423555
742.32,0.84047746
742.51,0.840495767
742.71,0.84053306
742.9,0.840638835
743.09,0.840880558
743.28,0.841097872
743.47,0.841485714
743.66,0.841860334
743.85,0.842351239
744.04,0.842829939
744.23,0.843501543
744.42,0.844000585
744.61,0.844690157
744.8,0.845297686
744.99,0.846009633
745.19,0.84647918
745.38,0.847187738
745.57,0.847946132
745.76,0.84872046
745.95,0.849387317
746.14,0.850129099
746.33,0.85083664
746.52,0.851584863
746.71,0.852281555
746.9,0.852960617
747.09,0.853449149
747.28,0.853819362
747.47,0.854080071
747.66,0.854390615
747.85,0.854496391
748.04,0.854817784
748.23,0.854897455
748.42,0.855018486
748.61,0.854944579
748.8,0.855051032
748.99,0.85513138
749.18,0.855328352
749.37,0.85534293
749.56,0.855376833
749.76,0.855393784
749.95,0.855458537
750.14,0.855454469
750.33,0.855464979
750.52,0.855285297
750.71,0.85526665
750.9,0.855092054
751.09,0.8551524
751.28,0.8550412
751.47,0.855043573
751.66,0.854848296
751.85,0.854931696
752.04,0.854897115
752.23,0.854830328
752.42,0.854774389
752.61,0.854655053
752.8,0.854525208
752.99,0.854576739
753.18,0.854472998
753.37,0.854497408
753.56,0.854451301
753.75,0.854481813
753.94,0.854373664
754.13,0.854300774
754.32,0.854375359
754.51,0.854315013
754.7,0.854287892
754.89,0.854434688
755.08,0.854422823
755.26,0.854556737
755.45,0.854486898
755.64,0.854344169
755.83,0.8541255
756.02,0.854051932
756.21,0.853695958
756.4,0.853601709
756.59,0.853233192
756.78,0.852858233
756.97,0.852457508
757.16,0.852201545
757.35,0.851922869
757.54,0.851697419
757.73,0.851183121
757.92,0.850903766
758.11,0.850354888
758.3,0.850089095
758.49,0.84968125
758.68,0.849493092
758.87,0.84912288
759.06,0.848848949
759.25,0.84855366
759.44,0.848343466
759.63,0.84802648
759.81,0.847836288
760,0.847572528
760.19,0.847286732
760.38,0.846897873
760.57,0.846757179
760.76,0.846581904
760.95,0.846384932
761.14,0.846191011
761.33,0.846099814
761.52,0.846036416
761.71,0.845736042
761.9,0.845442787
762.09,0.845183774
762.27,0.84469253
762.46,0.84438707
762.65,0.843917863
762.84,0.843411363
763.03,0.842866553
763.22,0.842390226
763.41,0.841638952
763.6,0.841013116
763.79,0.840292692
763.98,0.839697029
764.17,0.838877611
764.35,0.837994457
764.54,0.837076722
764.73,0.836247473
764.92,0.835528744
765.11,0.834715768
765.3,0.833791592
765.49,0.833087102
765.68,0.832321928
765.87,0.831638119
766.05,0.830855316
766.24,0.830268128
766.43,0.829696197
766.62,0.82928903
766.81,0.828881525
767,0.828743882
767.19,0.828659126
767.38,0.828602848
767.56,0.828509278
767.75,0.82839062
767.94,0.828161102
768.13,0.828054648
768.32,0.827800042
768.51,0.827787159
768.7,0.827830554
768.89,0.827842759
769.07,0.827874966
769.26,0.828010914
769.45,0.828144828
769.64,0.828295016
769.83,0.828255689
770.02,0.828525551
770.21,0.828583185
770.39,0.828912715
770.58,0.828941871
770.77,0.829023575
770.96,0.829101212
771.15,0.829218514
771.34,0.829394127
771.52,0.829513124
771.71,0.829569741
771.9,0.829868759
772.09,0.83007658
772.28,0.830254567
772.47,0.830366784
772.65,0.830682075
772.84,0.831029234
773.03,0.831272314
773.22,0.831490305
773.41,0.831646595
773.6,0.831800172
773.78,0.832200219
773.97,0.832481608
774.16,0.832992176
774.35,0.833396969
774.54,0.833938728
774.72,0.83413909
774.91,0.834497098
775.1,0.834558461
775.29,0.834867311
775.48,0.835104966
775.66,0.835356182
775.85,0.83546772
776.04,0.835584683
776.23,0.835654861
776.42,0.835724022
776.6,0.835926757
776.79,0.836204417
776.98,0.836374267
777.17,0.836556322
777.36,0.836642773
777.54,0.836821099
777.73,0.836981118
777.92,0.837057398
778.11,0.837057737
778.29,0.837104183
778.48,0.83709842
778.67,0.837090961
778.86,0.837110964
779.05,0.837201144
779.23,0.837163173
779.42,0.837213688
779.61,0.837225214
779.8,0.837297426
779.98,0.83726488
780.17,0.837221146
780.36,0.837258439
780.55,0.837379131
780.73,0.837437782
780.92,0.837790365
781.11,0.837845626
781.3,0.83814939
781.48,0.838521977
781.67,0.838789805
781.86,0.839326478
782.05,0.839943838
782.23,0.840547638
782.42,0.841229412
782.61,0.841843044
782.8,0.842590589
782.98,0.843333388
783.17,0.844163994
783.36,0.844761352
783.54,0.845542799
783.73,0.846273732
783.92,0.847272832
784.11,0.848023768
784.29,0.849012358
784.48,0.849991117
784.67,0.851230245
784.86,0.852198494
785.04,0.853220987
785.23,0.854068883
785.42,0.854846601
785.6,0.855423618
785.79,0.85604742
785.98,0.856688851
786.17,0.857244509
786.35,0.857815424
786.54,0.858291072
786.73,0.858824694
786.91,0.859514606
787.1,0.859801419
787.29,0.860094335
787.47,0.860437765
787.66,0.860666944
787.85,0.860771702
788.04,0.861028342
788.22,0.86107784
788.41,0.86135516
788.6,0.861418558
788.78,0.86171622
788.97,0.861624683
789.16,0.861884375
789.34,0.862212549
789.53,0.862512584
789.72,0.862679044
789.9,0.862876695
790.09,0.862986538
790.28,0.863215039
790.46,0.863262163
790.65,0.86339879
790.84,0.863517109
791.02,0.863941565
791.21,0.864014116
791.4,0.86425211
791.58,0.864487053
791.77,0.864872183
791.96,0.865218325
792.14,0.865651596
792.33,0.865688549
792.52,0.865971972
792.7,0.866145891
792.89,0.866434739
793.08,0.866640525
793.26,0.867037182
793.45,0.867311451
793.63,0.867737942
793.82,0.868072558
794.01,0.868465146
794.19,0.868989614
794.38,0.869563241
794.57,0.869968373
794.75,0.870495214
794.94,0.871012902
795.12,0.87155839
795.31,0.872007256
795.5,0.872534775
795.68,0.873119251
795.87,0.873672536
796.06,0.874049868
796.24,0.87459027
796.43,0.874948278
796.61,0.87552699
796.8,0.875823635
796.99,0.87618978
797.17,0.876658648
797.36,0.877222782
797.54,0.87749773
797.73,0.877838448
797.92,0.878188658
798.1,0.878712787
798.29,0.879163349
798.47,0.879675273
798.66,0.880305177
798.85,0.881040179
799.03,0.881662963
799.22,0.882263373
799.4,0.882850221
799.59,0.883531657
799.78,0.88409952
799.96,0.884622293
800.15,0.885202022
800.33,0.885758359
800.52,0.886206547
800.7,0.886720844
800.89,0.88704495
801.08,0.887574843
801.26,0.887994892
801.45,0.88842579
801.63,0.888767864
801.82,0.889318776
802,0.889633728
802.19,0.890065643
802.38,0.890420939
802.56,0.890884722
802.75,0.891315959
802.93,0.891629894
803.12,0.891717023
803.3,0.892005531
803.49,0.892077404
803.67,0.89227302
803.86,0.892374727
804.05,0.892569665
804.23,0.892559494
804.42,0.89260967
804.6,0.892534407
804.79,0.892251662
804.97,0.892255052
805.16,0.892199791
805.34,0.89202316
805.53,0.891940778
805.71,0.891658711
805.9,0.891549207
806.08,0.891410546
806.27,0.891208489
806.45,0.890934219
806.64,0.890855905
806.82,0.890705718
807.01,0.89046569
807.2,0.890165655
807.38,0.890078187
807.57,0.889804256
807.75,0.889408617
807.94,0.889075696
808.12,0.88885228
808.31,0.88854004
808.49,0.888477321
808.68,0.888156945
808.86,0.888242378
809.05,0.88814813
809.23,0.888389175
809.42,0.888246108
809.6,0.888248481
809.79,0.888167115
809.97,0.888047101
810.16,0.887864707
810.34,0.887712147
810.52,0.887466016
810.71,0.88748195
810.89,0.887119196
811.08,0.886869675
811.26,0.886438438
811.45,0.886226888
811.63,0.886016355
811.82,0.885896002
812,0.885810229
812.19,0.885673603
812.37,0.88541086
812.56,0.885028443
812.74,0.884879612
812.93,0.884708405
813.11,0.884450748
813.3,0.884422609
813.48,0.884123252
813.66,0.884117149
813.85,0.884042903
814.03,0.883849321
814.22,0.883666249
814.4,0.883510977
814.59,0.883270948
814.77,0.883418084
814.96,0.883210602
815.14,0.883365536
815.32,0.883435714
815.51,0.883698117
815.69,0.883753378
815.88,0.884016799
816.06,0.884229366
816.25,0.884250046
816.43,0.884100537
816.61,0.883892038
816.8,0.883641839
816.98,0.883471989
817.17,0.883158054
817.35,0.882782756
817.54,0.882492213
817.72,0.88214302
817.9,0.881810777
818.09,0.88140056
818.27,0.881052044
818.46,0.880754721
818.64,0.879889535
818.82,0.879293872
819.01,0.878679563
819.19,0.878359187
819.38,0.877694702
819.56,0.876964447
819.74,0.87634234
819.93,0.87576634
820.11,0.875335781
820.3,0.874888949
820.48,0.874211582
820.66,0.873559302
820.85,0.87269615
821.03,0.871829608
821.22,0.871161733
821.4,0.870550814
821.58,0.869836154
821.77,0.869265918
821.95,0.868695681
822.13,0.868193928
822.32,0.86775252
822.5,0.867484353
822.69,0.867308061
822.87,0.867100579
823.05,0.867163977
823.24,0.867095833
823.42,0.867043962
823.6,0.866890385
823.79,0.866914795
823.97,0.867026333
824.15,0.866921914
824.34,0.866953104
824.52,0.866998872
824.71,0.866997177
824.89,0.867076509
825.07,0.867043284
825.26,0.867050404
825.44,0.867118208
825.62,0.866861907
825.81,0.866851058
825.99,0.86670121
826.17,0.866393717
826.36,0.866057745
826.54,0.865802122
826.72,0.865466829
826.91,0.865059662
827.09,0.864341951
827.27,0.864082259
827.46,0.863416758
827.64,0.862827536
827.82,0.862230517
828,0.861618581
828.19,0.861113098
828.37,0.86056422
828.55,0.860247234
828.74,0.859831592
828.92,0.859339331
829.1,0.859121339
829.29,0.858678236
829.47,0.85865281
829.65,0.858363623
829.84,0.858185297
830.02,0.857847631
830.2,0.857662863
830.38,0.857395374
830.57,0.857221117
830.75,0.856971596
830.93,0.856662068
831.12,0.856332877
831.3,0.856076915
831.48,0.855458198
831.66,0.855124939
831.85,0.854482152
832.03,0.853987856
832.21,0.853423044
832.4,0.853031812
832.58,0.85253311
832.76,0.851993724
832.94,0.851258384
833.13,0.850900376
833.31,0.850364042
833.49,0.849906022
833.67,0.849172038
833.86,0.848499078
834.04,0.847810861
834.22,0.847036194
834.41,0.846508675
834.59,0.845997429
834.77,0.845382441
834.95,0.844930863
835.14,0.8442518
835.32,0.843560194
835.5,0.843119464
835.68,0.842616016
835.86,0.841761
836.05,0.840923614
836.23,0.840425928
836.41,0.839710251
836.59,0.838918294
836.78,0.838470784
836.96,0.837821555
837.14,0.837207924
837.32,0.83650513
837.51,0.835843358
837.69,0.835216844
837.87,0.834818831
838.05,0.834235712
838.23,0.833627505
838.42,0.832894198
838.6,0.832468386
838.78,0.831899506
838.96,0.831541498
839.15,0.83085023
839.33,0.830230497
839.51,0.829574487
839.69,0.828927632
839.87,0.828123809
840.06,0.827572897
840.24,0.826969097
840.42,0.826379537
840.6,0.825733359
840.78,0.824961405
840.97,0.824387778
841.15,0.823708037
841.33,0.822901841
841.51,0.822120055
841.69,0.821423702
841.87,0.820793798
842.06,0.820185252
842.24,0.819415331
842.42,0.818752542
842.6,0.818193493
842.78,0.817673771
842.97,0.817206259
843.15,0.816776378
843.33,0.81654313
843.51,0.816290897
843.69,0.816295643
843.87,0.815998321
844.06,0.816141049
844.24,0.816530586
844.42,0.816825536
844.6,0.817218803
844.78,0.817652074
844.96,0.81810094
845.14,0.818699993
845.33,0.818890863
845.51,0.819310234
845.69,0.819815039
845.87,0.820371375
846.05,0.820939577
846.23,0.821341319
846.41,0.821805103
846.6,0.822114969
846.78,0.822318383
846.96,0.822759113
847.14,0.822928963
847.32,0.823400205
847.5,0.82355785
847.68,0.823990782
847.86,0.824238269
848.05,0.824464397
848.23,0.824768162
848.41,0.825021751
848.59,0.825378064
848.77,0.825728274
848.95,0.826086282
849.13,0.82625715
849.31,0.826393776
849.5,0.826686013
849.68,0.826815859
849.86,0.827039275
850.04,0.827196243
850.22,0.827373552
850.4,0.827278286
850.58,0.827404403
850.76,0.827691216
850.94,0.82779055
851.12,0.827681384
851.3,0.827546792
851.49,0.827272862
851.67,0.827180987
851.85,0.827061651
852.03,0.826967741
852.21,0.826924007
852.39,0.826549387
852.57,0.826391742
852.75,0.826552778
852.93,0.826442256
853.11,0.826544641
853.29,0.826476497
853.47,0.826430729
853.65,0.826340888
853.84,0.826557185
854.02,0.826986049
854.2,0.826857559
854.38,0.82674975
854.56,0.826633126
854.74,0.82660397
854.92,0.826792128
855.1,0.826866713
855.28,0.826772125
855.46,0.82679823
855.64,0.826998931
855.82,0.826738562
856,0.826714491
856.18,0.826545319
856.36,0.826535148
856.54,0.826418524
856.72,0.826372078
856.9,0.826192396
857.08,0.826095436
857.26,0.826060855
857.44,0.825942197
857.62,0.825937112
857.8,0.826236469
857.99,0.826377503
858.17,0.826376825
858.35,0.826367332
858.53,0.826418524
858.71,0.826422254
858.89,0.826465649
859.07,0.826575831
859.25,0.826783652
859.43,0.827001644
859.61,0.827329479
859.79,0.827630192
859.97,0.82796379
860.15,0.82815466
860.33,0.828326884
860.51,0.828486563
860.69,0.828704555
860.87,0.828635055
861.05,0.828569963
861.23,0.828499107
861.41,0.828262469
861.59,0.828042783
861.77,0.828023458
861.95,0.82754747
862.12,0.827010458
862.3,0.826528707
862.48,0.825624872
862.66,0.825100743
862.84,0.824683067
863.02,0.824061638
863.2,0.8234019
863.38,0.822530272
863.56,0.821913929
863.74,0.821206388
863.92,0.820540209
864.1,0.81996387
864.28,0.819126823
864.46,0.818465389
864.64,0.817801922
864.82,0.817010304
865,0.816317341
865.18,0.815536911
865.36,0.814945316
865.54,0.814079113
865.72,0.813177651
865.9,0.812427733
866.08,0.81142965
866.26,0.81069736
866.43,0.809828784
866.61,0.809143619
866.79,0.808193677
866.97,0.807708536
867.15,0.807173558
867.33,0.806485002
867.51,0.805853403
867.69,0.805122131
867.87,0.804281693
868.05,0.803499907
868.23,0.802725579
868.41,0.802131272
868.59,0.801168447
868.76,0.800183247
868.94,0.799498082
869.12,0.798748503
869.3,0.798040284
869.48,0.797057118
869.66,0.796158708
869.84,0.795208766
870.02,0.794695147
870.2,0.794417148
870.38,0.793929633
870.55,0.793120725
870.73,0.792601342
870.91,0.79225147
871.09,0.792081281
871.27,0.791696151
871.45,0.791624617
871.63,0.791389674
871.81,0.791211009
871.99,0.791102861
872.16,0.791292036
872.34,0.791456462
872.52,0.791732426
872.7,0.791707
872.88,0.791801248
873.06,0.791951096
873.24,0.792286051
873.41,0.792653551
873.59,0.792715593
873.77,0.792851202
873.95,0.792980708
874.13,0.793010542
874.31,0.793049869
874.49,0.793002745
874.66,0.79309801
874.84,0.79324718
875.02,0.793314646
875.2,0.793508567
875.38,0.793527891
875.56,0.793353972
875.74,0.793159034
875.91,0.793205141
876.09,0.793405165
876.27,0.793460426
876.45,0.793620105
876.63,0.793760461
876.81,0.793738085
876.98,0.793873355
877.16,0.794018118
877.34,0.794146608
877.52,0.794172712
877.7,0.794207971
877.87,0.794507328
878.05,0.794760578
878.23,0.794993487
878.41,0.795370141
878.59,0.795877658
878.77,0.796239734
878.94,0.79624821
879.12,0.796370258
879.3,0.796527226
879.48,0.796648257
879.66,0.797020165
879.83,0.797336473
880.01,0.797830768
880.19,0.798363712
880.37,0.798445416
880.55,0.798637303
880.72,0.798959714
880.9,0.799317044
881.08,0.799968307
881.26,0.800402256
881.43,0.800912824
881.61,0.80104267
881.79,0.801300327
881.97,0.801729869
882.15,0.801866156
882.32,0.802313327
882.5,0.802575392
882.68,0.802985948
882.86,0.803285645
883.03,0.803317852
883.21,0.803385995
883.39,0.803689421
883.57,0.803867408
883.74,0.804086416
883.92,0.80422033
884.1,0.804530197
884.28,0.804611563
884.45,0.805003134
884.63,0.805156033
884.81,0.805258757
884.99,0.805575404
885.16,0.805703894
885.34,0.805887305
885.52,0.806048002
885.7,0.805856115
885.87,0.805911715
886.05,0.805774072
886.23,0.805935108
886.4,0.806252094
886.58,0.806526024
886.76,0.806879286
886.94,0.807208477
887.11,0.807732945
887.29,0.808124856
887.47,0.80854999
887.65,0.808571349
887.82,0.808682209
888,0.808875452
888.18,0.809287365
888.35,0.80955282
888.53,0.80960469
888.71,0.809833191
888.88,0.809760641
889.06,0.809859296
889.24,0.810049827
889.42,0.809985752
889.59,0.810145431
889.77,0.810218999
889.95,0.810121361
890.12,0.810162043
890.3,0.810076271
890.48,0.810191877
890.65,0.810515305
890.83,0.810462757
891.01,0.810283075
891.18,0.810806526
891.36,0.811195046
891.54,0.811414394
891.71,0.811680866
891.89,0.812074132
892.07,0.812383321
892.24,0.812414511
892.42,0.812512149
892.6,0.812604364
892.77,0.812726073
892.95,0.8130495
893.13,0.813283765
893.3,0.813385472
893.48,0.813253592
893.66,0.813169175
893.83,0.813336992
894.01,0.812779977
894.19,0.81246672
894.36,0.812258221
894.54,0.811833426
894.71,0.811222507
894.89,0.810748892
895.07,0.809954223
895.24,0.809186675
895.42,0.808136382
895.6,0.807001334
895.77,0.805971044
895.95,0.804949907
896.13,0.803931144
896.3,0.802890344
896.48,0.802206874
896.65,0.801773942
896.83,0.801210825
897.01,0.800525321
897.18,0.800017465
897.36,0.799480792
897.53,0.79885021
897.71,0.798375239
897.89,0.79795519
898.06,0.797763981
898.24,0.797762964
898.41,0.797789068
898.59,0.797718213
898.77,0.797629728
898.94,0.797344609
899.12,0.797623625
899.29,0.797850431
899.47,0.79812504
899.65,0.798862414
899.82,0.799362812
900,0.799978816
900.17,0.800304956
900.35,0.80055007
900.52,0.801093523
900.7,0.801743091
900.88,0.802274679
901.05,0.802736767
901.23,0.803166987
901.4,0.803385317
901.58,0.803418881
901.75,0.803524317
901.93,0.803338532
902.11,0.80310325
902.28,0.803039175
902.46,0.802886276
902.63,0.802633365
902.81,0.80265913
902.98,0.80251369
903.16,0.802634043
903.33,0.802710323
903.51,0.802580138
903.68,0.802752701
903.86,0.802441139
904.04,0.802262135
904.21,0.801874971
904.39,0.801641723
904.56,0.801118272
904.74,0.801151496
904.91,0.801075216
905.09,0.800942997
905.26,0.800617535
905.44,0.800203928
905.61,0.79988389
905.79,0.799970341
905.96,0.799168552
906.14,0.798559667
906.31,0.798366763
906.49,0.798088425
906.66,0.797516155
906.84,0.797027623
907.01,0.796710976
907.19,0.796382463
907.36,0.796061747
907.54,0.795701027
907.71,0.795528804
907.89,0.794858216
908.06,0.794450372
908.24,0.794222549
908.41,0.793891324
908.59,0.793372619
908.76,0.792964096
908.94,0.7927339
909.11,0.792395216
909.29,0.792071788
909.46,0.792115183
909.64,0.792276219
909.81,0.792046023
909.99,0.792145695
910.16,0.792715254
910.34,0.792572525
910.51,0.792852219
910.68,0.792770514
910.86,0.793296678
911.03,0.793755036
911.21,0.793841148
911.38,0.79413881
911.56,0.794758544
911.73,0.795141979
911.91,0.795526769
912.08,0.795993265
912.26,0.796306183
912.43,0.796824888
912.6,0.797175776
912.78,0.798423041
912.95,0.799115325
913.13,0.799635047
913.3,0.800242915
913.48,0.800675847
913.65,0.801236252
913.82,0.801936334
914,0.802092623
914.17,0.802680828
914.35,0.803145967
914.52,0.803395149
914.7,0.803555846
914.87,0.803668401
915.04,0.803764684
915.22,0.803721628
915.39,0.803720611
915.57,0.803550421
915.74,0.803196143
915.91,0.802897463
916.09,0.802765584
916.26,0.802838135
916.44,0.80264184
916.61,0.802264508
916.78,0.801658674
916.96,0.800904349
917.13,0.800214776
917.31,0.799690986
917.48,0.799149906
917.65,0.79888479
917.83,0.798099274
918,0.79756633
918.18,0.796550279
918.35,0.796177354
918.52,0.795581013
918.7,0.795381329
918.87,0.794486308
919.04,0.79383369
919.22,0.793280404
919.39,0.793384823
919.56,0.792724746
919.74,0.792440984
919.91,0.791997542
920.09,0.791523249
920.26,0.791351026
920.43,0.791877867
920.61,0.792194854
920.78,0.791872782
920.95,0.791566644
921.13,0.791576476
921.3,0.791581561
921.47,0.791843965
921.65,0.791843965
921.82,0.792071788
921.99,0.791466633
922.17,0.791364926
922.34,0.791199144
922.51,0.790912669
922.69,0.791048618
922.86,0.79126288
923.03,0.791206602
923.21,0.791704966
923.38,0.792381994
923.55,0.79288985
923.73,0.793068176
923.9,0.79352484
924.07,0.793980147
924.25,0.794647005
924.42,0.795267417
924.59,0.795834263
924.76,0.796696398
924.94,0.797445299
925.11,0.79915533
925.28,0.801404068
925.46,0.802952724
925.63,0.804099638
925.8,0.805249264
925.98,0.806282267
926.15,0.807204409
926.32,0.808206899
926.49,0.808444893
926.67,0.809661646
926.84,0.810654305
927.01,0.812397221
927.19,0.813464464
927.36,0.813585156
927.53,0.81417031
927.7,0.815136864
927.88,0.816920462
928.05,0.818435555
928.22,0.818778307
928.39,0.820152367
928.57,0.821790864
928.74,0.822247527
928.91,0.823069658
929.08,0.823491402
929.26,0.824059943
929.43,0.824899702
929.6,0.825846254
929.77,0.826862644
929.95,0.827246757
930.12,0.828545214
930.29,0.829796886
930.46,0.830716655
930.64,0.831875435
930.81,0.83327187
930.98,0.834079422
931.15,0.835263629
931.33,0.835432123
931.5,0.837073332
931.67,0.837408965
931.84,0.838396877
932.01,0.839765512
932.19,0.840191325
932.36,0.840117757
932.53,0.840208615
932.7,0.840209293
932.88,0.840484918
933.05,0.840995826
933.22,0.841816261
933.39,0.842189186
933.56,0.842119686
933.74,0.843527309
933.91,0.845019348
934.08,0.845556021
934.25,0.845571277
934.42,0.846452736
934.6,0.848646214
934.77,0.849641923
934.94,0.850115199
935.11,0.850993268
935.28,0.852486664
935.45,0.853446437
935.63,0.854930679
935.8,0.854911015
935.97,0.857261799
936.14,0.859665132
936.31,0.860593715
936.49,0.86137957
936.66,0.863582201
936.83,0.864891846
937,0.867036504
937.17,0.868902824
937.34,0.871011207
937.52,0.872718865
937.69,0.873723389
937.86,0.875026254
938.03,0.877169217
938.2,0.879296924
938.37,0.881423274
938.54,0.883455038
938.72,0.885823112
938.89,0.887793851
939.06,0.889660511
939.23,0.89203367
939.4,0.893270764
939.57,0.895757835
939.74,0.897566183
939.92,0.900703499
940.09,0.901841938
940.26,0.902745095
940.43,0.903598415
940.6,0.904695493
940.77,0.905277256
940.94,0.906468243
941.11,0.907601596
941.28,0.908291846
941.46,0.909304168
941.63,0.911177608
941.8,0.911889556
941.97,0.912559804
942.14,0.913148008
942.31,0.912026182
942.48,0.911463404
942.65,0.912084494
942.82,0.912175013
942.99,0.911704449
943.17,0.91249539
943.34,0.912260108
943.51,0.912898488
943.68,0.912044828
943.85,0.912605911
944.02,0.912237732
944.19,0.912264515
944.36,0.912980531
944.53,0.912931712
944.7,0.913059862
944.87,0.912775761
945.04,0.912421822
945.22,0.913155128
945.39,0.912339778
945.56,0.911968548
945.73,0.911934307
945.9,0.912194676
946.07,0.912649306
946.24,0.913360237
946.41,0.913760623
946.58,0.913279888
946.75,0.914005736
946.92,0.914177282
947.09,0.913990141
947.26,0.913660611
947.43,0.91440341
947.6,0.914510202
947.77,0.914600382
947.94,0.913715194
948.11,0.913525002
948.28,0.914161687
948.45,0.913363288
948.62,0.914141006
948.79,0.914317976
948.96,0.913765708
949.14,0.913290398
949.31,0.915376744
949.48,0.915538458
949.65,0.915935793
949.82,0.916598582
949.99,0.916962354
950.16,0.916278884
950.33,0.916960659
950.5,0.91748038
950.67,0.916924383
950.84,0.91563847
951.01,0.91534013
951.18,0.916551797
951.35,0.916588072
951.52,0.914664118
951.69,0.91475023
951.86,0.915474383
952.03,0.915762213
952.2,0.915540831
952.37,0.915208589
952.54,0.915068233
952.7,0.916264984
952.87,0.916161243
953.04,0.915083828
953.21,0.916407373
953.38,0.9175014
953.55,0.91615887
953.72,0.914952966
953.89,0.915167228
954.06,0.914940761
954.23,0.913669764
954.4,0.91214484
954.57,0.91203398
954.74,0.913590772
954.91,0.91245369
955.08,0.912886961
955.25,0.912220103
955.42,0.911628169
955.59,0.910359546
955.76,0.909802871
955.93,0.910002894
956.1,0.909435031
956.27,0.909669635
956.43,0.908727829
956.6,0.907678554
956.77,0.905076215
956.94,0.904750414
957.11,0.905044008
957.28,0.904344604
957.45,0.904425631
957.62,0.904584971
957.79,0.904810082
957.96,0.904735836
958.13,0.903988969
958.3,0.903431277
958.47,0.901767014
958.63,0.902114173
958.8,0.901951103
958.97,0.900971666
959.14,0.901171351
959.31,0.901307299
959.48,0.901555803
959.65,0.901400869
959.82,0.900887928
959.99,0.900580434
960.16,0.900486525
960.32,0.901438162
960.49,0.90198331
960.66,0.900595012
960.83,0.899797292
961,0.898664617
961.17,0.897590931
961.34,0.89852121
961.51,0.897555334
961.67,0.897001371
961.84,0.896287728
962.01,0.89426444
962.18,0.893907449
962.35,0.892483892
962.52,0.892519829
962.69,0.891903824
962.85,0.890206676
963.02,0.888774305
963.19,0.887693162
963.36,0.886997148
963.53,0.885366109
963.7,0.884657552
963.87,0.883135678
964.03,0.881191722
964.2,0.879006042
964.37,0.877551634
964.54,0.876065358
964.71,0.875477493
964.88,0.873616597
965.04,0.87123564
965.21,0.86968156
965.38,0.868911639
965.55,0.867226696
965.72,0.866509663
965.88,0.8663093
966.05,0.864308049
966.22,0.864267366
966.39,0.863860539
966.56,0.862737356
966.73,0.862400368
966.89,0.861362958
967.06,0.860266558
967.23,0.858862665
967.4,0.857397408
967.57,0.858200214
967.73,0.858532118
967.9,0.857639132
968.07,0.858051722
968.24,0.858636876
968.41,0.857861192
968.57,0.857678119
968.74,0.856980749
968.91,0.856722414
969.08,0.857381813
969.24,0.857328248
969.41,0.856939389
969.58,0.855758572
969.75,0.855855194
969.92,0.854796765
970.08,0.852841281
970.25,0.853171151
970.42,0.854322472
970.59,0.853091141
970.75,0.852710758
970.92,0.852325289
971.09,0.852194087
971.26,0.8514679
971.42,0.849618531
971.59,0.85022233
971.76,0.848873359
971.93,0.849262557
972.09,0.848604175
972.26,0.849470717
972.43,0.848577731
972.6,0.848223791
972.76,0.846632079
972.93,0.846348317
973.1,0.846108967
973.26,0.846897534
973.43,0.847142309
973.6,0.846518846
973.77,0.84396058
973.93,0.844536919
974.1,0.843194727
974.27,0.842376665
974.44,0.840584591
974.6,0.839298
974.77,0.839073228
974.94,0.838920328
975.1,0.838580627
975.27,0.836909584
975.44,0.836935011
975.6,0.835553154
975.77,0.834896806
975.94,0.833738365
976.11,0.831740504
976.27,0.832172419
976.44,0.831535395
976.61,0.830473915
976.77,0.829617204
976.94,0.827500007
977.11,0.827611546
977.27,0.827027409
977.44,0.826505992
977.61,0.82669415
977.77,0.825745225
977.94,0.824313871
978.11,0.824664082
978.27,0.823218489
978.44,0.823055419
978.61,0.823941963
978.77,0.822973375
978.94,0.824428122
979.11,0.823541238
979.27,0.822682833
979.44,0.822356693
979.61,0.821724415
979.77,0.820550379
979.94,0.820517833
980.11,0.821670511
980.27,0.822333639
980.44,0.822612316
980.6,0.824614245
980.77,0.824216233
980.94,0.825275001
981.1,0.823420546
981.27,0.824919027
981.44,0.827820384
981.6,0.829412435
981.77,0.829989112
981.93,0.830226089
982.1,0.829823669
982.27,0.829533466
982.43,0.829993859
982.6,0.829870454
982.76,0.829755526
982.93,0.82977146
983.1,0.828798125
983.26,0.829782986
983.43,0.828061768
983.6,0.828341801
983.76,0.830267111
983.93,0.831323167
984.09,0.829203597
984.26,0.828972383
984.42,0.827953959
984.59,0.826338854
984.76,0.824118933
984.92,0.823308609
985.09,0.822175111
985.25,0.821244043
985.42,0.820236666
985.59,0.818498716
985.75,0.816964207
985.92,0.815738285
986.08,0.815043295
986.25,0.813756264
986.41,0.812723049
986.58,0.812444533
986.74,0.811542768
986.91,0.810199434
987.08,0.80936212
987.24,0.808237141
987.41,0.807870034
987.57,0.807278175
987.74,0.806686443
987.9,0.806099258
988.07,0.804466013
988.23,0.803429422
988.4,0.80148356
988.56,0.800553202
988.73,0.798623136
988.9,0.798089097
989.06,0.796754137
989.23,0.796522686
989.39,0.795460203
989.56,0.794491167
989.72,0.792869452
989.89,0.791839257
990.05,0.791258838
990.22,0.792392424
990.38,0.791033829
990.55,0.790621094
990.71,0.790183443
990.88,0.790106105
991.04,0.789773231
991.21,0.789118075
991.37,0.787883604
991.54,0.787392349
991.7,0.786837703
991.87,0.785380553
992.03,0.785419052
992.2,0.784347962
992.36,0.784007569
992.53,0.783737838
992.69,0.781853808
992.86,0.781932294
993.02,0.781124411
993.19,0.780925537
993.35,0.780665259
993.52,0.778877976
993.68,0.77863938
993.84,0.77827735
994.01,0.777432816
994.17,0.777433952
994.34,0.776800688
994.5,0.775408401
994.67,0.775468774
994.83,0.774333923
995,0.773327702
995.16,0.773251075
995.33,0.77155152
995.49,0.770973937
995.65,0.770606086
995.82,0.771084135
995.98,0.771217553
996.15,0.771559149
996.31,0.771270944
996.48,0.76956709
996.64,0.768035542
996.81,0.767700391
996.97,0.766319582
997.13,0.766549666
997.3,0.765213861
997.46,0.766603954
997.63,0.765065722
997.79,0.762632867
997.95,0.761877992
998.12,0.76143309
998.28,0.760241831
998.45,0.760652819
998.61,0.760416019
998.77,0.759856013
998.94,0.759696403
999.1,0.7589838
999.27,0.758313099
999.43,0.759036574
999.59,0.757046749
999.76,0.759012681
999.92,0.758117225
1000.09,0.756485463